book,passage,headword,pos,meaning_zh,definition_zh,synonyms,pos_variations,confusables,example_en,pronunciation,tags
C5,Johnson’s Dictionary,Circumscribe,v.,限制、約束、劃定界線,字根 circum- 意為「環繞」，scribe 意為「寫/畫」。指在周圍劃一條線以「限制、約束」某事物的範圍（原文指中產階級渴望劃定並征服不同的世界 circumscribe the various worlds to conquer）。,Restrict / Confine (v.) 限制、侷限 | Limit (v.) 限制 | Boundary (n. 對應概念) 邊界,Circumscription (n.) 限制、劃定界線,雅思高頻字字首字根大對決（都是 scribe 家族） | Circumscribe (v.) 限制、約束 | Prescribe (v. 還記得嗎？) 規定、開處方（字首 pre- 在前） | Describe (v.) 描述、描寫 | Subscribe (v.) 訂閱、同意,The power of the monarch was strictly circumscribed by the new constitution.,,
C5,Johnson’s Dictionary,Settle,v.,解決（爭端）、定居、確定,【雅思多義字高頻考點！】 日常生活中指「定居」。但在學術與商務中，指「解決、平息（爭議、衝突或問題）」（原文指強森博士認為他不需要科學院來解決語言爭端 settle arguments about language）。,Resolve (v. 還記得嗎？) 解決、消除（歧見） | Conciliate (v. 高級字) 調解、安撫 | Conclude (v.) 結束、達成協議,Settlement (n.) 協議、定居點（在法律和人資上常指「和解協議、還款計畫」）,,The HR business partner managed to settle the dispute between the two departments.,,
C5,Johnson’s Dictionary,Instalments / Installments,n. pl.,分期付款 / （連載、連環劇的）一集,"指將一筆龐大的金額拆分成若干次、在不同時間點固定支付的「分期付款」（原文指強森博士獲得 1,575 英鎊的分期酬勞 paid in instalments）。",Partial payments (n. pl.) 部分付款 | Staggered payments (n. pl. 高級字) 錯開付款、分期付款,,,She decided to pay for her master's tuition fee in monthly instalments.,,
C5,Johnson’s Dictionary,Synthesis,n.,綜合、合成、融合體,學術寫作的核心高階字。指將不同的觀點、事實、物質或元素「有機地結合、融入為一個全新的整體」（原文形容這本詞典是英雄史詩般的集大成之作 a work of heroic synthesis）。,Combination (n.) 結合、組合 | Integration (n. 還記得嗎？) 整合、一體化 | Amalgamation (n. 高級學術字) 合併、混合,Synthesize (v.) 綜合、合成（寫作高階動詞，如 synthesize different theories 綜合不同理論） | Synthetic (adj.) 人造的、合成的（例：synthetic fibers 合成纖維）,,Her thesis presents a brilliant synthesis of traditional and modern HR management methods.,,
C5,Johnson’s Dictionary,Precedent,n.,先例、前例、判例,法律與公共行政大字。指過去曾經發生過、可以作為後人處理類似事件之「參考依據或標準的先例」（原文指強森博士根據英國習慣法的原則——依循先例來撰寫定義 according to precedent）。,Previous example (n. phr.) 先前的例子 | Criterion (n. 單數形式) 標準、準則 | Benchmark (n.) 基準、標竿,Precede (v. 還記得嗎？) 在……之前發生、先於 | Unprecedented (adj. ⚠️寫作頂級形容詞！) 史無前例的、空前的,易混淆單字 | President (n. 拼法極像！) 總統、總裁、校長,The judge's decision set an important precedent for future environmental protection cases.,,
C5,Johnson’s Dictionary,Rivalled / Rivaled,v. 過去式,與……匹敵、比得上（原形：rival）,指在品質、能力、成就或規模上非常優秀，以至於「可以與另一個人或物相提並論、不相上下」（原文指詞典出版後，一個多世紀以來都沒有受到認真的對手挑戰 was not seriously rivalled）。,Matched (v. 原文也用了這個字喔！) 匹敵、相配 | Competed with (phr. v.) 與……競爭 | Equalled (v.) 等同、比得上,Rival (n.) 競爭對手 / (adj.) 競爭的 | Unrivalled (adj. 高階形容詞) 無雙的、無與倫比的,,The natural beauty of National Kaohsiung University's campus is rivalled by few others.,,
C5,Johnson’s Dictionary,Perpetual,adj.,永恆的、長期的、不間斷的,形容某事將會「永遠持續存在、永不終結」，或頻繁重複到讓人覺得沒有盡頭。,Everlasting / Eternal (adj.) 永恆的、永久的 | Permanent (adj. 還記得嗎？) 永久的、固定的 | Continuous (adj.) 持續不斷的,Perpetuate (v. 高級學術字) 使永恆、使不朽（通常指使不好的制度、觀念延續下去） | Perpetually (adv.) 永恆地、常常,,This noble work will remain a perpetual monument of fame to the author.,,
C5,Johnson’s Dictionary,Cornerstone,n.,基石、奠基石,原本指建築物基座最關鍵的那塊角落石頭。引申為某個理論、政策、制度或學術領域中「最核心、最不可或缺的基礎或依據」（原文形容這本詞典是標準英語的基石 the cornerstone of Standard English）。,Foundation (n.) 基礎、地基 | Core / Pillar (n.) 核心 / 支柱 | Bedrock (n. 頂級學術換詞) 岩床、根基,,,Trust and cross-cultural communication are the cornerstones of a successful global internship. Single-handed / Single-handedly (adj./adv.)：獨力地、單槍匹馬地。 雅思點：聽力與口說中，用來形容某人沒有靠外部幫助、全憑一己之力完成宏偉目標。 Shades of meaning (n. phr.)：含義的細微差別、字義的陰影 解析：Shade 在這裡指細微的差異、色調的深淺。用來形容語言中字詞精妙的同義替換。 Vicissitudes (n. pl. 殿堂級學術大字)：盛衰興敗、人生的波折、變遷。 原文：“After many vicissitudes the Dictionary was finally published...”（歷經無數波折後，這本詞典終於出版了。） Conferred stability on... (v. phr.)：賦予……穩定性。 解析：【學術頂級動詞搭配！】 Confer 在雅思中常搭配 on，意為「授予、賦予（權力、榮譽、穩定性或好處）」。 Prevail upon (phr. v. 高級正式字)：說服、勸說（某人做某事）。 例句：His friends were able to prevail upon the King to offer him a pension.（他的朋友們成功說服了國王為他提供年金。）,,
C5,Johnson’s Dictionary,Chaos,n.,混亂、無秩序狀態,形容一種完全沒有條理、規則、法律或控制，導致人事物極度混亂、失控的狀態。在雅思中常考「亂中求序」或「環境/社會陷入混亂」的語境。,Disorder (n.) 混亂、無秩序 | Turmoil (n. 高級字) 騷動、混亂（常指政治或情緒上的混亂） | Anarchy (n. 高級字) 無政府狀態、無法無天,Chaotic (adj.) 混亂的、無秩序的（例：a chaotic traffic system 混亂的交通系統）,易混淆單字 | Chasm (n. 高級字) 峽谷 / 巨大的分歧,The new management system successfully brought order to the chaos of the department.,,
C5,Johnson’s Dictionary,Compiled,v. 過去式,編纂、彙編、收集（原形：compile）,指耗費大量時間與精力，將來自不同書籍、報告、數據庫或來源的資訊，經過有系統的整理、篩選後「匯集成一本新書、一份報告或一個清單」。,Assembled (v.) 聚集、收集、組裝 | Accumulated (v.) 累積、積聚 | Gathered (v.) 收集、聚集,Compilation (n.) 編輯物、精選輯、彙編 | Compiler (n.) 編纂者 / 【電腦】編譯器,,The research assistant compiled data from various academic journals to support the thesis.,,
C5,Johnson’s Dictionary,Concentrate,v. 常搭配 on,專注於、集中於 / 濃縮,指將所有的注意力、精力、思考或資源，完全投注、鎖定在某一個特定的焦點或活動上；在科學上指提高液體的濃度。,Focus (v.) 專注、聚焦（常搭配 on） | Center (v.) 集中、以……為中心（常搭配 on/around） | Condense (v. 特指濃縮、壓縮文字或液體),Concentration (n.) 專注、集中 / 濃度（例：high concentration of carbon dioxide 高濃度的二氧化碳）,,"To prepare for the IELTS exam, she decided to concentrate entirely on academic writing.",,
C5,Johnson’s Dictionary,Convey,v.,傳達、表達、傳遞（思想、印象或情感）,指利用言語、文字、手勢或圖表，將自己大腦中的想法、感受、內在資訊，成功地「傳遞給他人並讓對方完全理解」。,Communicate (v.) 傳達、交流 | Express (v.) 表達 | Transmit (v. 偏科技，指傳送訊號、播散疾病或傳遞知識),Conveyance (n.) 運輸、表達 / 交通工具,易混淆單字 | Convoy (n./v.) 護送、護航隊,The graphics and tables in the report help to convey complex data clearly.,,
C5,Johnson’s Dictionary,Critic,n.,評論家、批評者,專指對文學作品、藝術、電影、音樂或政府社會政策進行專業評估、深入分析，並公開發表反對意見或讚賞評論的專業人士。,Reviewer (n.) 評論員（通常指寫書評、影評的人） | Evaluator (n.) 評估者、考評員 | Detractor (n. 高級字) 惡意批評者、貶低者,Critical (adj.) 關鍵的、批判性的 / Criticism (n.) 批評、評論 / Criticize (v.) 批評、指責,詞性字外型大混淆（上考場極容易看錯！） | Critic (n.) 評論家（指「人」） | Critique (n. ⚠️發音與拼法不同) 評論文章、學術評論（指「物」）,"As a literary critic, Dr Johnson wrote many influential essays that shaped public taste.",,
C5,Johnson’s Dictionary,Garret,n.,閣樓、頂樓小套房,通常指舊式、傳統建築物屋頂正下方、空間非常狹小、昏暗且通常較為簡陋寒冷的閣樓空間（歷史傳記中常形容窮苦文人或藝術家工作的地方）。,Attic (n.) 閣樓（最常見的普通字） | Loft (n.) 閣樓、夾層、工廠改建的挑高公寓,,,"The impoverished artist spent years painting masterpieces in a small, cold garret.",,
C5,Johnson’s Dictionary,Rickety,adj.,搖搖晃晃的、不穩固的、快要散架的,形容椅子、桌子、床、樓梯或老舊的建築結構，因為時間久遠、破損、結構鬆動而「非常不牢固、稍微用力就會搖晃或倒塌」。,Shaky / Unstable (adj.) 搖晃的 / 不穩定的 | Dilapidated (adj. 還記得嗎？) 破舊的、倒塌的 | Decrepit (adj. 高級字) 衰老的、破舊的、衰弱的,,,He sat on a rickety wooden chair that creaked loudly every time he moved.,,
C5,Johnson’s Dictionary,Immense,adj.,巨大的、無限的、極大的,形容面積、規模、工作量、數量、價值或程度「超乎想像地巨大、浩瀚」，遠遠超出一般標準。,Enormous / Massive (adj.) 巨大的、龐大的 | Vast (adj.) 廣闊的、巨大的（常用於土地、海洋、知識） | Tremendous (adj.) 極大的、極好的,Immensely (adv.) 極其、非常（例：immensely helpful 非常有幫助） | Immensity (n.) 巨大、無限、浩瀚,易混淆單字 | Imminent (adj. 高級字) 即將發生的、逼近的（例：imminent danger 迫在眉睫的危險）,"The research project was an immense success, generating great profile for the university.",,
C5,Johnson’s Dictionary,Illustrated,v. 過去式,說明、闡明、插圖（原形：illustrate）,指利用具體的例子、實驗引文、圖表、照片或生動的故事，來「清晰地解釋、證明或說明一個抽象的概念或字義」；也指為書籍畫插圖。,Demonstrated (v.) 證明、展示 | Exemplified (v. 高級學術字) 舉例說明、作為……的範例 | Clarified (v. 還記得嗎？) 闡明、澄清,Illustration (n.) 插圖、實例說明 / Illustrative (adj.) 解釋性的、說明的,,The speaker illustrated his academic point with a fascinating cross-cultural case study.,,
C5,Johnson’s Dictionary,Predecessors,n. pl.,前任、前輩、被取代的原有事物（原形：predecessor）,指在某個職位或工作上比你更早任職的人（前任）；或是某個科技、書籍、制度在發展進化過程中的「前身、前代產品」。,Forerunners / Precursors (n. pl. 高級學術字) 先驅、前身 | Ancestors (n. pl.) 祖先、祖代,,世紀死敵反義詞（雅思聽力閱讀極常對決） | Predecessor (n.) 前任、前身 | Successor (n.) 繼任者、後繼之物（字根來自 succeed 繼承/成功）,The new digital HR platform is far more flexible and stable than its predecessor.,,
C5,Johnson’s Dictionary,Perpetual,adj.,永恆的、長期的、不間斷的,形容某種狀態、名聲、處境或動作將會「永遠持續存在、永不終結」，或頻繁重複到讓人覺得沒有盡頭。,Eternal / Everlasting (adj.) 永恆的、永久的 | Permanent (adj.) 永久的、固定的 | Incessant (adj. 還記得嗎？) 連續不斷的、沒完沒了的,Perpetuate (v. 高級學術字) 使永恆、使殘留、使（壞制度/錯誤觀念）延續下去 | Perpetually (adv.) 永恆地、常常,,This noble dictionary will remain a perpetual monument of fame to the author.,,
C5,Johnson’s Dictionary,Patronage,n.,贊助、資助、光顧,歷史義：古時指國王、貴族、富豪對藝術家、作家或學者的「金錢資助與政治庇護」。 商務義：現代指老顧客、常客對某家商店、飯店或企業的「固定光顧、惠顧」。,Sponsorship (n.) 贊助、主辦 | Backing / Support (n.) 後盾 / 支持 | Custom / Business (n. 對應商務光顧義) 惠顧、光顧,Patron (n.) 贊助人、老顧客 / Patronize (v.) 资助、光顧 / 擺出高人一等的傲慢姿態,,"Without the financial patronage of wealthy nobles, many medieval artists could not survive.",,
C5,Johnson’s Dictionary,Obscurities,n. pl.,默默無聞、模糊、晦澀（原形：obscurity）,指不為人知、完全沒有名氣的「默默無聞狀態」；在語言學中指文字、概念含糊不清、極難被人理解的特性。,Anonymity (n.) 匿名、不具名、默默無聞 | Vagueness / Ambiguity (n.) 含糊、模糊、模稜兩可,Obscure (adj.) 鮮為人知的、模糊的 / (v.) 使模糊、遮掩、掩蓋,,The brilliant young poet rose from complete obscurity to worldwide fame in just one year.,,
C5,Johnson’s Dictionary,Distraction,n.,分心、分神、干擾物 / 消遣娛樂,指任何會中斷你的思緒、分散你的注意力，讓你無法專注於當前核心工作的「外部人事物」；引申也可以指讓人暫時放鬆、忘記煩惱的娛樂消遣。,Interruption (n.) 干擾、中斷 | Diversion (n.) 轉向、消遣娛樂、娛樂活動 | Disturbance (n.) 打擾、騷動,Distract (v.) 使分心、干擾、轉移（注意力）,,Working or writing an essay from home can be difficult if there are too many distractions.,,
C5,Johnson’s Dictionary,Eccentricities,n. pl.,古怪之處、怪癖、異乎尋常（原形：eccentricity）,指一個人的行為、生活習慣或性格特徵與常人不同，顯得「奇特、古怪、不落俗套」，但通常是指有趣、無害的怪癖。,Peculiarities (n. pl.) 獨特之處、怪癖 | Quirks (n. pl.) 怪癖、奇癖 | Oddities (n. pl.) 怪事、怪人、奇特之處,Eccentric (adj.) 古怪的、異常的 / (n.) 行為古怪的人,,The brilliant professor was deeply loved by his graduate students despite his many eccentricities.,,
C5,Johnson’s Dictionary,Regulating,v. 現在分詞,規範、管理、調節（原形：regulate）,指透過制定法律、官方規則、機制或嚴格標準，來「約束、控制、管理或規範」某個行業、市場的運作，或使系統結構標準化。,Governing (v.) 統治、管理、支配 | Standardizing (v.) 使標準化、使合規格 | Controlling (v.) 控制,Regulation (n.) 法規、規定 / Regulatory (adj.) 監管的、規範的（例：regulatory bodies 監管機構）,,The local council is fully responsible for regulating the transport facilities in the city.,,
C5,Johnson’s Dictionary,Ascertaining,v. 現在分詞,查明、確定、弄清（原形：ascertain）,非常正式且高級的學術動詞。指透過仔細的研究、深入調查、科學檢查或核對事實，來「徹底查明、確定某事的真相、數據或結果」。,Determining (v.) 確定、決定、查明 | Verifying (v.) 證實、核對、查證 | Confirming (v.) 確認、證實,,,The survey team carried out rigorous checks to ascertain the exact number of endangered species.,,
C5,Johnson’s Dictionary,Stability,n.,穩定性、穩固、安定,形容一個系統、國家政權、社會環境、經濟體系或語言結構，處於一種「穩固牢靠、不容易發生劇烈動盪、倒塌或惡性變更」的優良狀態。,Steadiness (n.) 穩固、穩定 | Permanence (n.) 永久性、持久性 | Consistency (n.) 一致性、連貫性,Stable (adj.) 穩定的、牢固的 / Stabilize (v.) 使穩定、穩定下來,,The primary goal of the government's economic drive is to maintain price stability.,,
C5,Johnson’s Dictionary,Esteemed,adj.,受人尊敬的、備受推崇的、德高望重的,形容某人因為高尚的品德、卓越的學術成就、重大貢獻或專業能力，而在社會大眾或同行圈子裡「廣受敬重、享有極高聲譽的」。,Respected (adj.) 受尊敬的 | Venerated / Respected (adj. 還記得嗎？) 受崇敬的 | Honoured (adj.) 受榮譽的、備受尊崇的,Esteem (n./v.) 尊敬、尊重、高度評價（例：held in high esteem 備受尊崇）,,The university was proud to welcome the esteemed architect to the initial ceremony.,,
C5,Johnson’s Dictionary,Pension,n.,津貼、退休金、養老金、年金,指政府、社會福利機構或公司，在員工達到法定退休年齡、或因特殊重大貢獻後，承諾固定、定期支付的一筆「保障其生活質量的福利年金」。,Retirement fund (n. phr.) 退休基金 | Annuity (n. 高級金融字) 年金 | Allowance (n.) 津貼、補助,,,The local authority announced a new initiative to increase the monthly pension for senior citizens.,,
C5,Johnson’s Dictionary,Lexical,adj.,詞彙的、詞典的,語言學核心大字。形容與一種語言的「詞彙、字詞、語彙」本身直接相關的（原文指中產階級想要征服與界定他們的詞彙世界 lexical as well as social and commercial）。,Vocabulary-related (adj.) 詞彙相關的 | Verbal (adj.) 言語的、字詞的 | Linguistic (adj.) 語言學的,Lexicon (n. 高級字) 詞彙量、全部語彙 / 詞典 | Lexicographer (n. 文中出現過) 詞典編纂者,,The professor's research focuses on the lexical changes in English since the medieval era.,,
C5,Johnson’s Dictionary,Quotation,n.,引用、引文、引述 / 報價,"【雅思多義字考點！】 在文學、論文主題中，指從別人的書籍、詩歌或演講中「原封不動摘錄下來的句子、引文」（強森博士用了 114,000 句引文來解釋字義）。在商務、工程主題（如前面考過的 contractor 承包商場景）中，指「報價、估價單」。",Excerpt / Citation (n.) 摘錄 / 引文、引證（學術論文必備字） | Extract (n.) 節錄、選段 | Estimate / Price (n. 對應商務報價義) 估價、報價,Quote (v./n.) 引用 / 引號,,The dictionary illustrated the shades of meaning of each word using historical quotations.,,
C5,Johnson’s Dictionary,Orthography,n.,正字法、正確拼字,語言學專門術語。指一種語言中「官方規範的正確拼寫系統與規則」（強森博士自豪於他的詞典能夠固定正確的拼寫 setting the orthography）。,Spelling system (n. phr.) 拼寫系統 | Correct spelling (n. phr.) 正確拼寫,,,"In the 18th century, English orthography was highly chaotic before the dictionary was published.",,
C5,Johnson’s Dictionary,Analogy,n.,類比、比擬、相似之處,學術寫作與邏輯思維核心字。指為了幫助理解，而將兩個不同事物在某些特定特徵上進行「邏輯上的對比、類比」（常見結構：draw an analogy between A and B）。,Comparison (n.) 比較、對照 | Correlation (n. 寫作圖表大字) 相互關係、相關性 | Resemblance (n. 還記得嗎？) 相似、相似之處,Analogous (adj. ⚠️寫作極高階形容詞！) 類似的、可比擬的（常搭配 to）,,The scientist drew an analogy between the human brain and a complex computer network.,,
C5,Johnson’s Dictionary,Ascertain,v.,查明、確定、弄清,,Determine (查明、確定)、Verify (證實、核對)、Confirm (確認)。,,,It is essential to ascertain the accurate technical details before giving the presentation.,,
C5,Johnson’s Dictionary,Is associated with,phr.,與……有關聯、與……聯想在一起,學術寫作（Task 2）中用來建立事物之間「邏輯因果或關聯性」的頂級黃金片語。,Is linked to (phr.) 與……有聯繫 | Is connected with (phr.) 與……相連 | Corresponds to (phr. v.) 與……相符合、相對應,,,The rise of modern dictionaries is closely associated with the expansion of the middle class.,,
C5,Johnson’s Dictionary,Conquer,v.,征服、克服、戰勝,原本指在戰爭中用武力「攻克、征服」敵方國家或領土；在學術與生活中，常用來指「成功克服、戰勝（困難、恐懼或某個學術領域）」。,Defeat / Overcome (v.) 戰勝 / 克服（如 overcome difficulties） | Subjugate (v. 高級字) 征服、使服從 | Master (v. 特指掌握知識/語言) 精通、掌握,Conqueror (n.) 征服者 | Conquest (n.) 征服、戰利品,,"With a relentless drive, she managed to conquer her fear of public speaking.",,
C5,Johnson’s Dictionary,Heyday,n.,全盛時期、鼎盛時期,(註：這個字在「印度階梯井」也考過！重複率高到嚇人，它在本文指中產階級崛起的全盛期 the heyday of the middle class，為你再次鞏固語境。),Golden age (黃金時代)、Prime (全盛期)、Peak (巔峰)。,,,The city's harbor reached its heyday during the 19th century as a key commercial hub.,,
C5,Johnson’s Dictionary,Genius,n.,天才、天賦、創造力,指一個人在智力、藝術創作或某個領域中，展現出遠超常人的「極高天賦、才華或獨創性」；也可指具備這種天賦的天才。,Brilliance (n. 還記得嗎？) 才華、光輝 | Intellect (n.) 智力、才智 | Giftedness (n.) 有天賦、天才,,易混淆單字 | Genuine (adj.) 真正的、真誠的（拼法前半部極像！） | Ingenuity (n. 階梯井核心字！) 聰明才智、原創巧思（注意兩者是名詞，意思有微妙交集，但 ingenuity 偏向解決問題的巧思）,"Dr Johnson's dictionary was a work of sheer genius, making order out of chaos.",,
C5,Johnson’s Dictionary,Biographer,n.,傳記作者,專門研究並撰寫「另外一個人一生真實事蹟與故事（傳記）」的作家。,,Biography (n.) 傳記 | Autobiography (n. 多了 auto- 字首) 自傳（自己寫自己的故事）,,James Boswell became famous as the biographer of Samuel Johnson.,,
C5,Johnson’s Dictionary,Clerks,n. pl.,辦事員、書記官、店員（原形：clerk）,指在辦公室、法律機構或商店中，負責處理抄寫、記錄、建檔等日常行政工作的「基層辦事員/抄寫員」。,Scribes (n. pl. 歷史學術字) 抄寫員、書記 | Administrative assistants (n. pl.) 行政助理,,,"In the 18th century, copying clerks had to work standing up at long desks.",,
C5,Johnson’s Dictionary,Predecessors,n. pl.,前任、前輩、前身,(註：這個字在追加清單的第 10 個字詳細拆解過，強森博士和他的 predecessors 前輩們不同，他把英語當成 living language 活的語言來處理。),,,Predecessor（前任/前身）vs Successor（繼任者/後繼產品）。,The new project coordinator is much more rigorous than her predecessor.,,
C5,Johnson’s Dictionary,Noble,adj.,高尚的、宏偉的、貴族的,形容人的品德極其「高尚、崇高」；或形容建築、作品極其「宏偉、壯麗」（文中義大利學者讚嘆這是 This very noble work 宏偉高貴的傑作）；也可指封建社會的貴族。,Magnificent (adj.) 宏偉的、壯麗的 | Gracious / Honourable (adj.) 溫和高尚的 / 值得尊敬的 | Aristocratic (adj. 特指階級) 貴族的,Nobility (n.) 高尚、貴族階級,,It is a noble goal to spare no efforts to preserve endangered historical artifacts.W,,
C5,Johnson’s Dictionary,Appropriate,adj.,適當的、恰當的 / (v.) 撥款、盜用,【寫作必備大字！】 當形容詞時，形容在特定情況下非常適合、妥當、得體的。當動詞時發音不同，指政府撥出專款，或惡意挪用。,Suitable / Fitting (adj.) 適合的、恰當的 | Adequate (adj. 還記得嗎？) 足夠的、適當的,Appropriately (adv.) 適當地 | Inappropriate (adj.) 不適當的,,It is highly appropriate that the monument was built in the heart of the city.,,
C5,Johnson’s Dictionary,Throughout,prep./adv.,貫穿、遍及、在整個……期間,【時間與空間的雙重極限！】 指在某個特定區域的「每一個角落、到處」；或者指在某個時間段的「從頭到尾、自始至終」（文中指困擾著貫穿整個17、18世紀的作家們 throughout the late seventeenth...）。,All over (prep.) 遍及 | During the entire course of (phr.) 在整個……期間,,,The drive to upgrade public facilities was supported by citizens throughout the country.,,
C5,Johnson’s Dictionary,Intensely,adv.,強烈地、極度地、熱切地,形容情感、態度或做法的程度極其強烈、深刻或專注（文中指強森博士的方法是 intensely practical 極度實用的）。,Extremely / Deeply (adv.) 極其 / 深深地 | Profoundly (adv. 高級字) 深刻地、極度地 | Acute (adj. 對應形容詞形式) 劇烈的、敏銳的,Intense (adj.) 強烈的、劇烈的 / Intensity (n.) 強度、強烈,易混淆單字 | Intensively (adv. 還記得交通調查的 footpath 嗎？) 密集地、精深地（如 study intensively 密集研讀）,The training coordinator was intensely focused on checking the technical details.,,
C5,Johnson’s Dictionary,Bower,n.,樹蔭處、涼爽的隱居處,文學古典字彙。指花園、森林中由樹枝、藤蔓交織而成的「陰涼休息處、綠茵深處」（文中強森博士自嘲自己不是在大學安逸的學術象牙塔/樹蔭下編詞典 under the shelter of academic bowers）。,Arbour (n.) 蔭涼處、藤架 | Sanctuary (n. 還記得嗎？) 避難所、神聖安寧的地方,,,The weary travellers rested under a beautiful bower beside the highway.,,
C5,Johnson’s Dictionary,Amidst / Amid,prep.,在……之中、在……環境中,非常正式且具有強烈文學色彩的介系詞。形容自己正身處於某種情緒、混難、噪音或情況的「包圍之中」（文中指在不便與干擾中編纂詞典 amidst inconvenience and distraction）。,Among / In the middle of (prep.) 在……之中 | Surrounded by (phr.) 被……圍繞,,,"Amidst the chaos of the financial crisis, the technology sector remained stable.",,
C5,Johnson’s Dictionary,Sorrow,n.,悲傷、悲痛、傷心事,指因為失去至親、遭遇不幸或失敗，而產生的「深沉、持久的內心悲痛」。,Grief (n.) 深切的悲傷（通常指喪親之痛） | Distress (n. 還記得嗎？) 痛苦、憂傷 | Misery (n.) 痛苦、不幸,Sorrowful (adj.) 悲傷的,,He wrote his greatest masterpiece in sickness and in sorrow.,,
C5,Johnson’s Dictionary,Folklore,n.,民間傳說、民俗學,指一個文化、民族中代代口耳相傳的「傳統故事、神話、信仰與風俗」（文中指強森博士此後成為了民間傳說中的傳奇人物 the Johnson of folklore）。,Legends (n. pl. 靈熊主題用過喔！) 傳說 | Mythology (n.) 神話（學） | Traditional lore (n. phr. 高級字) 傳統知識、民俗,,,The white bear fur brings a special power according to the local folklore. as famous in his own time as in ours 「不論是在他自己那個時代，還是在我們現在這個時代，他都同樣出名。」 As... as... (同等比較句型)： 基本結構是 $as + 形容詞 + as + 比較對象$，用來表示兩者的程度「一模一樣、不分軒輊」。 這裡的第一個 as famous 代表「同樣出名」；第二個 as 後面連接了兩個形成對比的時間點。,,
C5,The birth of modern plastics,Synthetic,adj.,人造的、合成的,指並非天然存在，而是透過化學工業手段，將多種成分人工「工程合成」出來的物質（原文指電木是第一個完全人造的塑料 first totally synthetic plastic）。,Artificial (adj.) 人造的、人工的 | Man-made (adj.) 人為製造的 | Manufactured (adj.) 經工業加工的,Synthesize (v. 還記得詞典主題的那個字嗎？) 綜合、合成（例：synthesize chemicals 合成化學品） | Synthesis (n.) 綜合體、融合,,Bakelite was a revolutionary new synthetic material that launched the modern plastics industry.,,
C5,The birth of modern plastics,Formulated / Engineered,v. 過去式,調配出、製造出、透過工程設計（原形：engineer）,在科技文章中當動詞用，指運用科學、工程學原理與精密的化學計算，去「設計並製造出」某種特定產品。,Designed / Developed (v.) 設計 / 研發 | Formulated (v. 專指化學配方調配) 配製、系統闡述,,,The new plastic was chemically engineered from the constituents of coal or oil.,,
C5,The birth of modern plastics,Revert,v. 常搭配 to,恢復、回復（原形、原狀或舊習慣）,指事物回到原本的狀態、或是人回歸到以前的舊習慣、舊做法（原文指熱固性塑料加熱後無法回復到原本黏稠的液態 cannot revert to their original viscous state）。,Return (v.) 回到、恢復 | Regress (v. 偏負面) 退化、倒退 | Default (v. 科技常用) 恢復到默認狀態,,考場字首字根大對決（都是 re- 開頭） | Revert (v.) 恢復、回復（重回原狀） | Recede (v. 階梯井主題核心字！) 後退、退去（如 flood recedes 大水退去） | Convert (v.) 轉變、改裝（如 convert A into B）,"After the power outage, the machine's settings will revert to their original values.",,
C5,The birth of modern plastics,Impetus,n.,動力、推動力、促進因素,學術寫作與閱讀的高階大字。指引發某個重大歷史事件、科學發現或技術重大突破背後的「主要推動力或刺激因素」（原文指早期塑料發展背後的推動力 The impetus behind the development...）。,Momentum (n.) 動量、氣勢、推動力 | Stimulus (n.) 刺激（物）、促進因素 | Incentive (n.) 動機、誘因（偏向利益上的誘因）,,,The government's new grant provided a fresh impetus for environmental science research.,,
C5,The birth of modern plastics,Domain,n.,領域、領地、範圍,指某個特定專業知識、學術研究或活動的「領域、範圍」（原文指化學領域的技術進步 progress in the domain of chemistry）。,Field / Sphere (n.) 領域 / 範圍（如 sphere of influence 影響範圍） | Realm (n. 高級學術字) 王國、領域 | Province (n. 交通調查主題考過喔！) 領域、職責範圍,,,Financial asset management falls outside the domain of the human resource department.,,
C5,The birth of modern plastics,Substitutes,n. pl.,替代品、代替者（原形：substitute）,指因為原本的資源缺乏、太昂貴或為了安全，而刻意尋找來「取代原本人事物」的另一種選擇。,Alternatives (n. pl. 最完美學術換詞) 替代方案、另一種選擇 | Replacements (n. pl.) 代替者、更換件,Substitution (n.) 代替、更換,,Scientists are working tirelessly to find acceptable substitutes for dwindling natural resources.,,
C5,The birth of modern plastics,Dwindling,adj./v. 現在分詞,正在減少的、縮減的、日漸枯竭的（原形：dwindle）,形容資源、數量、體積或力量在時間推移下「逐漸變少、越來越稀缺且隨時可能枯竭」（原文指稀缺的奢侈材料供應 dwindling supplies of luxury materials）。,Diminishing / Shrinking (adj.) 正在減少的 / 正在縮減的 | Depleting (adj. 資源耗盡大字) 正在枯竭的,,,Deforestation has led to a dwindling habitat for several endangered species.,,
C5,The birth of modern plastics,Volatile,adj.,易揮發的 / 反覆無常的、不穩定的,科學義：形容液體在低溫下就「極其容易蒸發、揮發成氣體」（原文形容醛是一種易揮發的液體 a volatile fluid）。 商務與心理義：形容市場價格暴漲暴跌「極不穩定」，或人的脾氣「反覆無常」。,Evaporative (adj.) 易蒸發的 | Unstable / Unpredictable (adj. 對應金融/情緒義) 不穩定的 / 難以預測的,Volatility (n.) 揮發性 / 變幻莫測、波動性,,Chemical workers must be highly rigorous when handling volatile fluids.,,
C5,The birth of modern plastics,Amassing,v. 現在分詞,大量累積、積聚（財富或物資）（原形：amass）,專指在一段較長的期間內，透過努力或手段，將大量的金錢、財富、數據、資訊「瘋狂積累、聚沙成塔地收集起來」（原文指當貝克蘭正忙著賺大錢積累美元時 busily amassing dollars）。,Accumulating (v. 寫作最推薦學術換詞) 累積、積聚 | Hoarding (v. 偏向屯積、藏匿) 囤積 | Gathering (v.) 收集,,,The technology research team spent five years amassing data on consumer habits. 🏭 工業製造與商業量產（字彙拆解）,,
C5,The birth of modern plastics,Malleable,adj.,可塑的、具延展性的、易受影響的,原本形容金屬或樹脂在加熱後「非常柔軟、可以用錘子敲打成各種形狀而不碎裂」；引申也可以形容人的性格軟弱、容易受他人擺佈。,Flexible / Pliable (adj.) 柔韌的 / 易彎曲的、可塑的 | Adaptable (adj.) 適應力強的、可修改的,Malleability (n.) 延展性、可塑性,,"When the raw resin is heated under a vacuum, it becomes highly malleable.",,
C5,The birth of modern plastics,Soluble,adj.,可溶的、可溶解的 / 可解決的,指某種固體物質能夠在水或其他化學液體中「完全溶解、化開」。,Dissolvable (adj.) 可溶解的,Solubility (n.) 溶解度 | Insoluble (adj. ⚠️反義詞）不可溶的 / 無法解決的（例：an insoluble problem 治不好的頑疾/無解的難題）,,This specific granular powder is easily soluble in warm alcohol.,,
C5,The birth of modern plastics,Catalysts,n. pl.,催化劑 / 觸媒、促成事情發展的人事物（原形：catalyst）,科學義：指在化學反應中，能顯著「加快反應速度」但自身在反應前後不發生本質改變的物質。 社會學義：在寫作中，極常用來指引發一場重大社會變革、經濟轉型的「導火線、催化劑、推手」。,Accelerators (n. pl.) 加速器、促進劑 | Activators (n. pl.) 活化劑、觸發器,,,The invention of the internet served as a major catalyst for global communication expansion.,,
C5,The birth of modern plastics,Crucial,adj.,至關重要的、決定性的,形容某個因素、階段或決定對事情的成敗具有「核心、生死攸關、極其關鍵」的影響力（原文指模具牆壁的厚度是至關重要的 thickness... was also crucial）。,Critical / Vital (adj. 還記得嗎？) 關鍵的 / 維持生命必需的 | Essential / Fundamental (adj. 階梯井用過！) 基礎的、不可或缺的,,,Choosing the right contractor is crucial to ensuring the stability of the facility.,,
C5,The birth of modern plastics,Disdain,n./v.,蔑視、鄙視、輕蔑,指因為覺得某人或某物低劣、沒有價值、或不配受到尊重，而表現出「強烈的看不起、冷漠與蔑視」（原文指電木發明初期受到了冷落與蔑視 treated with disdain in its early years）。,Contempt / Scorn (n.) 輕視 / 鄙視 | Disrespect (n.) 不敬、失禮,Disdainful (adj.) 輕蔑的、傲慢的,,The traditional architects treated the new synthetic material with utter disdain.,,
C5,The birth of modern plastics,Unparalleled,adj.,無比的、空前的、無與倫比的,【雅思口說、寫作最高讚美形容詞！】 字根來自 parallel（平行的/可匹敵的）。加上否定字首字尾後，形容某事的成就或受歡迎程度極高，以至於「沒有任何先例可以對比、沒有任何人能比得上」。,Unrivalled / Unrivaled (adj. 詞典與交通調查都考過！驚人的重複率！) 無雙的、無與倫比的 | Unprecedented (adj. 詞典主題學過！) 史無前例的 | Matchless (adj.) 獨一無二的、無配對的,,,The newly designed consumer electronics enjoyed an unparalleled popularity across the globe.,,
C5,The birth of modern plastics,Restructured / Transformed,v. 過去式,改造、重新建構、使徹底改觀（原形：transform）,指某事物的結構、外觀或本質發生了「翻天覆地的、徹底的巨大轉變」（原文指消費者欣喜於他們終於不再受限於無聊的木頭色 no longer restricted to the wood tones...）。,Transformed (v. 徹底改觀) | Revolutionized (v. 帶來革命性巨變) | Overhauled (v. 徹底檢修、大改造),,,The introduction of generative AI technology has completely transformed human resource operations.,,
C5,The birth of modern plastics,Despised,v. 過去式/adj.,被極度厭惡的、被鄙視的（原形：despise）,指對某人或某物產生「強烈的反感、極度厭惡、瞧不起」的情緒（原文指電木在 1950 年代跌落神壇，被大量厭惡並銷毀 was despised and destroyed）。,Detested / Loathed (v. 過去式) 痛恨的 / 厭惡的 | Scorned (v. 過去式) 被輕蔑的,,,The old style of industrial design was despised by the new generation of consumers.,,
C5,The birth of modern plastics,Renaissance,n.,文藝復興、復興、新生,原本指 14 到 16 世紀歐洲的「文藝復興運動」。在現代學術與商務中，常用來形容某個沉寂已久的老技術、舊風格、或傳統文化「突然重新流行、迎來第二春、再度繁榮」。,Revival / Resurgence (n. 寫作最推互換字) 復興 / 甦醒、再起 | Rebirth (n.) 重生、新生,,,Traditional hand-drawn animation is currently experiencing a major renaissance among young artists.,,
C5,The birth of modern plastics,Innovative,adj.,創新的、革新的、新穎的,形容思想、產品或方法充滿原創性，大膽引入全新的概念，並能帶來積極的改變。,Groundbreaking (adj.) 開天闢地、開創性的 | Novel (adj. ⚠️注意：當形容詞是新奇的，不是小說) 新穎的、新奇的 | Revolutionary (adj.) 革命性的,Innovate (v.) 創新、革新 / Innovation (n.) 創新、新發明,,The company won a national award for its innovative application of AI in visual design.,,
C5,The birth of modern plastics,Patented,v. 過去式/adj.,取得專利、受專利保護的（原形：patent）,指發明人向政府申請並成功獲得「專利權」，在法定期限內享有獨佔、壟斷該項新發明、新技術的法律保護。在雅思聽力或閱讀中，只要看到科學家發明新東西，後面高機率會跟著這個字。,Monopolized (v. 過去式) 壟斷、獨佔 | Copyrighted (v. 過去式/adj. ⚠️特指著作權/版權) 受版權保護的 | Proprietary (adj. 高級學術/商務字) 專利的、專有的、所有權的,Patent (n.) 專利權 / (v.) 申請專利,,The Belgian scientist successfully patented his revolutionary synthetic material in 1907.,,
C5,The birth of modern plastics,Constituents,n. pl.,成分、組成要素、選民（原形：constituent）,科學義：指構成某個化學混合物、物質、系統或整體的「基本成分、化學單元或分子要素」。 政治義：在社會學或政治學話題中，專指某個選區內的「選民」。,Components / Ingredients (n. pl.) 零件、成分 / （食物或配方的）原料 | Elements (n. pl.) 元素、要素 | Voters / Electorate (n. pl. 對應政治選民義) 選民,Constitute (v. ⚠️寫作 Task 1 超高頻動詞！) 構成、組成（等同於 make up） | Constitution (n.) 憲法 / 體質、構造,,The plastic material was engineered directly from the chemical constituents of oil.,,
C5,The birth of modern plastics,Distinction,n.,殊榮、特點、卓越、差別,【雅思學術多義字考點！】 特點殊榮義：指某人或某物所具備的「極其獨特、與眾不同且令人驕傲的特徵/殊榮」（原文指電木擁有身為第一個完全合成塑料的殊榮 had the distinction of being...）。 差別義：指兩者之間非常明確的「區別、對比」（常見搭配：make a distinction between A and B 區分 A 與 B）。,Honour / Privilege (n.) 榮譽 / 特權、殊榮 | Difference / Contrast (n.) 差異 / 對比 | Excellence (n.) 優秀、卓越,Distinct (adj.) 明顯不同的、清晰的 / Distinctive (adj.) 獨特的、有特色的,,The university's HRD program has the distinction of being the most internationally diverse in the country.,,
C5,The birth of modern plastics,Pragmatic,adj.,務實的、實事求是的、重實效的,形容處理事情、制定政策或設計發明時，完全以「現實環境、實際效益和實用功能」為第一考量，而不是基於抽象的理論、美學或意識形態。,Utilitarian (adj. 階梯井主題核心字！) 實用的、功利主義的 | Practical (adj.) 實用的、實際的 | Realistic (adj.) 現實的、踏實的,Pragmatism (n.) 務實主義、功利主義 | Pragmatically (adv.) 務實地,,The council took a pragmatic approach to settling the transport budget dispute. 🛠️ 技術流程與材料工程（字彙拆解）,,
C5,The birth of modern plastics,Outlined,v. 過去式,概述、勾勒核心輪廓、畫出輪廓（原形：outline）,指在撰寫報告、專利或計畫時，不探討繁瑣的旁枝末節，而是「清晰、有條理地說明最核心的步驟、主幹、大綱或原則」；在繪圖中指畫出物體的邊緣外輪廓。,Summarized (v. 過去式) 概述、總結 | Sketched (v. 過去式) 勾勒、草擬、畫素描 | Delineated (v. 過去式 高級學術字) 描繪、詳細敘述,Outline (n.) 大綱、輪廓、概要,,The original patent outlined a detailed three-stage industrial manufacturing process.,,
C5,The birth of modern plastics,Subjected to,phr. v. ⚠️過去分詞/被動形態，原形：subject to,使遭受、使承受,【雅思閱讀填空、對錯題超級大魔王！】 當它在句子中呈現被動形式（be subjected to）時，表示「被迫去承受、經歷某種極端環境、嚴格測試、外力打擊或不好的待遇」（原文指加熱的塑料被注入模具，並承受極端的熱與壓力 subjected to extreme heat and pressure）。,Exposed to (phr.) 暴露於、使遭受（如 exposed to radiation 暴露於輻射中） | Underwent (v. 過去式) 經歷、承受（考場上最完美的互換字） | Submitted to (phr. v.) 屈服於、提交,,詞性外型大對決（這個字的用法在考場極其多變） | Subject (n.) 主題 / 科目 / 實驗對象 | Subjective (adj.) 主觀的（相反詞是 objective 客觀的） | Be subject to... (adj. 短語) 易受……影響的 / 取決於……的（例：Prices are subject to change. 價格可能會變動。）,"Before the new facility is established, the architectural design must be subjected to rigorous safety checks.",,
C5,The birth of modern plastics,Insulating,adj.,絕緣的、隔熱的、隔音的,物理與工程材料大字。形容某種材料（如橡膠、電木、石棉）具備「阻擋電流、熱量或聲音穿透傳導」的保護特性。,Non-conducting (adj.) 不導電的、不傳熱的 | Shielding (adj./v. 現在分詞) 屏蔽的、防護的,Insulate (v.) 使絕緣、使隔熱 / 隔離（免受壞影響） | Insulation (n. ⚠️聽力綠色建築話題超常考！) 絕緣體、隔熱材料（如 roof insulation 屋頂隔熱層）,,Electrical manufacturers seized on the material's excellent insulating properties to make safer switches.,,
C5,The birth of modern plastics,Sterilisable / Sterilizable,adj.,可殺菌的、可高溫消毒的,由動詞 sterilise（殺菌、結紮）加上字尾 -able（可……的）組合而成。專指醫療器材、廚房用品可以經受住高溫、化學藥劑或輻射，達到「完全消滅所有細菌、微生物」的耐受標準。,Disinfectable (adj.) 可消毒的 | Antiseptic (adj./n.) 防腐的、抗菌的 / 殺菌劑,Sterilise / Sterilize (v.) 殺菌、高溫消毒 / 使絕育 | Sterilisation (n.) 消毒、滅菌 / 絕育手術,,"Because Bakelite kitchen goods were heat-resistant and sterilisable, they were promoted as being germ-free.",,
C5,The birth of modern plastics,Mould / Mold,n.,模具、模型 / 黴菌 / (v.) 塑造、鑄造,工業義：指用來將液態或可塑性材料注入、藉此固定形狀的「空心模具、模型」（原文塑料字源 plassein 意為 to mould 塑造；末段提到將塑料倒入 hollow mould 空心模具中）。 生物義：在環境科學或居家健康話題中，指潮濕處滋生的「黴菌、霉」。 動詞義：指「形塑、塑造」（如 mould the character 塑造性格）。,Cast / Form (n.) 鑄模 / 形狀、模具 | Fungus (n. 對應生物義) 真菌、黴菌 | Shape (v.) 塑造、使成形,,,The molten plastic was poured into a custom-designed mould to set its permanent shape.,,
C5,The birth of modern plastics,Derived from,phr. v.,衍生自、源自於、從……中提取,【雅思學術極高頻核心！】 指某種物質、化學品、文字或理論，是「從某個特定的源頭、原材料中提取、提煉、衍生而來」（原文指 Some plastics are derived from natural sources 某些塑料源自天然原料）。,Extracted from (phr.) 從……中提取 | Originated from (phr. v.) 起源於 | Sourced from (phr.) 來源於,Derive (v.) 得到、源於 | Derivation (n.) 起源、衍生 | Derivative (adj./n.) 衍生的 / 衍生物,,Many modern life-saving medicines are originally derived from rare rainforest plants.,,
C5,The birth of modern plastics,Semi-,prefix,半、部分,極度常見的學術字首。用來表示「一半、某種程度上、不完全的」（原文指電木發明前已有 semi-synthetic 半合成的材料）。,Semi-skilled (adj.) 半熟練的（常考人資、勞工話題） | Semi-arid (adj.) 半乾旱的（常考地理環境科學話題） | Semi-detached (adj.) 半獨立式、雙拼住宅（聽力租房核心字）,,,"The state suffers from a semi-arid climate, making water table management crucial.",,
C5,The birth of modern plastics,Substance,n.,物質、實質、主旨,指一種具有特定物理特性的實體「物質、材料、化學物」；在辯論中指說話有「實質內容、根據」。,Material / Matter (n.) 材料 / 物質、要素 | Chemical compound (n. phr.) 化學化合物 | Essence (n. 對應實質義) 本質、精髓,Substantial (adj. ⚠️寫作 Task 1 核心字）大量的、重大的、實質的（如 a substantial increase 大幅增長）,,The researcher mixed the sticky substance with a catalyst to speed up the chemical action.,,
C5,The birth of modern plastics,Porous,adj.,有孔的、多孔的、能滲透的,物理與材料科學核心字。形容材料表面佈滿了極其微小的孔洞，導致「液體或空氣能夠輕易滲透、穿過」的特性。,Permeable (adj. 頂級學術換詞) 可滲透的、具滲透性的 | Penetrable (adj.) 可穿透的 | Spongy (adj.) 海綿狀的、多孔多汁的,Porosity (n.) 多孔性、孔隙率,反義詞對決（本文考點！） | Porous (adj. 多孔滲水的) vs Non-porous (adj. 原文用來形容電木廚具：無孔、不滲水、不易滋生細菌的),"Because the new synthetic material is completely non-porous, it is highly germ-free.",,
C5,The birth of modern plastics,Properties,n. pl.,特性、屬性 / 房產、財產（原形：property）,【雅思聽力、閱讀超級核心多義字！】 科學材料義：在科學、環境與材料文章中，100% 專指某種物質所具備的「物理、化學特性或功能屬性」（原文指電木的 insulating properties 絕緣特性）。 生活房產義：在聽力租房或商務話題中，指「房產、地產、財產」。,Characteristics / Features (n. pl.) 特徵 / 特色 | Attributes (n. pl. 高級學術字) 屬性、特質 | Real estate / Assets (n. pl. 對應房產資產義) 房地產 / 資產,,,The unique chemical properties of Bakelite made it a perfect material for industrial expansion.,,
C5,The birth of modern plastics,Embarked on,phr. v.,開始、著手進行（重大或艱難的事情）,【寫作與口說高階優美動詞！】 原意指登船。引申為「正式踏上一段旅程、著手啟動一項大型專案、研究計畫或全新職業生涯」（原文指貝克蘭著手進行樹脂研究 embarked on research into phenolic resins）。,Commenced (v. 過去式) 開始、著手 | Initiated (v. 過去式 還記得嗎？) 發起、創始 | Undertook (v. 過去式 寫作最推) 承擔、著手做（如 undertake a project）,,,"After completing her master's degree, she embarked on a promising career in human resource management.",,
C5,The birth of modern plastics,Purely,adv.,純粹地、完全地、僅僅,用來強調某件事完全只基於某一個特定的角度、原因或範疇，不包含其他雜質（原文指 In purely scientific terms 純粹從科學的角度來看）。,Solely / Merely (adv.) 僅僅、單純 | Exclusively (adv.) 專門地、獨家地 | Entirely (adv.) 完全地,Pure (adj.) 純的、純粹的 / Purity (n.) 純潔、純度,,The decision to change the contractor was made purely for safety reasons.,,
C5,The birth of modern plastics,Commercial,adj.,商業的、營利的 / 商業廣告,指與商務活動、商品貿易、賺取利潤直接相關的；引申指能夠「投入市場進行大規模量產與銷售的」（原文指將其在商業基礎上進行準備 preparation on a commercial basis）。,Business-related (adj.) 商業相關的 | Profit-oriented (adj.) 以營利為導向的 | Marketable (adj.) 可銷售的、符合市場需求的,Commerce (n.) 商業、貿易 / Commercially (adv.) 商業上地、商務地,,The major challenge of the invention was how to manufacture it on a commercial scale.,,
C5,The birth of modern plastics,Extract,v.,提取、提煉、拔出 / (n.) 摘錄、精華液,指利用化學、物理或強大的外力，將某種有價值的成分從一個整體中「強行提取、提煉或拔出」（原文指設計必須讓產品容易從模具中拔出 difficult to extract）。當名詞時發音不同，指引文或植物精華。,Remove / Withdraw (v.) 移開 / 撤回、拔出 | Isolate (v. 特指化學分離提取) 分離、孤立 | Quotation / Excerpt (n. 對應文字摘錄義) 引文 / 摘錄,Extraction (n.) 提取、拔除,,The engineering process made it easier to extract the hardened plastic from the crater.,,
C5,The birth of modern plastics,Governed,v. 過去式,統治、管理 / 支配、受到……的強烈制約（原形：govern）,【雅思閱讀抽象義考點！】 日常指政府管理國家。但在學術語境中，極常指某種科學行為、產品設計或社會現象「受到某種客觀規律、技術要求或原則的強烈支配、限制與制約」（原文指塑料產品的設計在很大程度上受制於模具工藝的要求 was governed to a large extent by...）。,Controlled / Regulated (v. 過去式) 控制 / 規範 | Dictated (v. 過去式 高級字) 支配、命令、決定（如 dictated by market trends 受市場趨勢支配）,Governor (n.) 州長、主管 / Government (n.) 政府,,The recruitment life cycle is strictly governed by local labor laws.,,
C5,The birth of modern plastics,Wealthy,adj.,富裕的、有錢的,形容一個人或國家擁有大量的金錢、土地、資產或財富，處於高度富庶的狀態。,Affluent (adj. 寫作最推高階字) 富裕的、富足的 | Prosperous (adj.) 繁榮的、興旺的 | Well-off (adj.) 寬裕的、經濟條件好的,Wealth (n.) 財富、豐富,,"By 1905, Baekeland had become a wealthy New Yorker due to his successful photographic paper invention.",,
C5,The birth of modern plastics,Ivory,n.,象牙 / 象牙色,大象長牙的堅硬白色材質（歷史上常作為奢侈工藝品原料）。文中提到塑料的發明是為了解決稀缺奢侈原材料（如 tortoiseshell and ivory 玳瑁與象牙）供應不足的問題。,,,,The international trade of ivory has been strictly banned to protect wild elephants.,,
C5,The birth of modern plastics,Seized on,phr. v. 過去式,抓往（機會）、迫不及待地利用（原形：seize on）,指一看到某個機會、好點子或某種新材料的優勢，就「極其敏銳、迫不及待地立刻緊緊抓住並加以利用」（原文指電氣製造商迅速看中並利用了電木的絕緣特性 Electrical manufacturers seized on its insulating properties）。,Capitalized on (phr. v. 頂級商務大字) 利用、從中獲利 | Exploited (v. 過去式) 開發、利用、剝削 | Grasped (v. 過去式) 緊抓、理解,,,The HR intern seized on the opportunity to present her ideas on digital transformation.,,
C5,The birth of modern plastics,Relished,v. 過去式,享受、沉溺於、非常喜歡（原形：relish）,指從某種體驗、新事物或思想中獲得極大的樂趣，並「充滿興致地去享受、品味它」（原文指消費者非常喜愛並享受塑料那令人眼花繚亂的豐富色彩 consumers everywhere relished its dazzling array...）。,Enjoyed (v. 過去式) 享受、喜愛 | Savoured / Savored (v. 過去式) 細細品嚐、欣賞 | Delighted in (phr.) 以……為樂,,,The graduate student relished the challenge of executing the complex thesis research project.,,
C5,The birth of modern plastics,Array of shades,n. phr.,琳瑯滿目的色彩/色調組合,由兩個大字組成的神級搭配。An array of 意為「一系列琳瑯滿目、排列整齊的大量人事物」；Shades 指「顏色的深淺色調、細微差別」。合在一起形容視覺上極其豐富震撼的色彩盛宴。,Vast selection of colours (n. phr.) 豐富多樣的顏色 | Spectrum of tones (n. phr.) 色調的光譜/範圍,,,The vintage magazine photography attracted viewers with its dazzling array of shades.,,
C5,The birth of modern plastics,Delight,n.,欣喜、快樂 / (v. 常搭配 in) 使高興、以……為樂,形容一種非常強烈、雀躍的快樂與滿足感（原文指消費者感到非常高興 delighted that they were now...）。,Joy / Pleasure (n.) 歡樂 / 愉悅 | Gratification (n. 高級學術字) 滿足、滿意,Delightful (adj.) 令人愉快的、討人喜歡的,,"To the delight of the local council, the transport project was completed well within budget.",,
C5,The birth of modern plastics,Earring,n.,耳環、耳飾,,,,,"In the 1930s, Bakelite was heavily used to manufacture fashionable earrings and accessories.",,
C5,The birth of modern plastics,Dedicated,adj.,專注的、充滿奉獻精神的 / 專用的,形容一個人將自己所有的時間、心血都投注在某個特定的偉大目標或愛好上，非常「全心全意、精誠奉獻」；也可指某個硬體是專款專用的。,Devoted / Committed (adj.) 投入的、奉獻的 | Enthusiastic (adj.) 熱情的、熱心的 | Exclusive (adj. 對應專用義) 獨有的、專用的,Dedicate (v.) 奉獻、題獻（常用結構：dedicate A to B） | Dedication (n.) 奉獻、敬業精神（還記得 testimony 證明了建商的 dedication 嗎？）,,"Thanks to the work of dedicated individuals, many ruined medieval monuments have been saved.",,
C10,Stepwells,Fundamental,adj.,基礎的、根本的、至關重要的,形容某事非常基本，是其他所有事物的基石；或指極其重要、不可或缺（原文指階梯井在印度乾燥地區是生活中不可或缺的一部分）。,Essential (adj.) 必不可少的、本質的 | Crucial (adj.) 至關重要的 | Radical (adj.) 根本的、激進的,Fundamentally (adv.) 根本地、從本質上 | Fundamentals (n. pl.) 基本原則、基礎,,Water is fundamental to human survival and the development of civilisations.,,
C10,Stepwells,Access,n./v.,接近或使用的權利/機會、通道,【雅思超級必考大字！】 指進入某個地方、使用某種資源（如乾淨水源、教育、醫療）的權利或途徑（原文指當地人發展出獲取乾淨地下水的方法 access to clean groundwater）。,Admission (n.) 入場權、准許進入 | Approach (n.) 接近、方法、通道 | Availability (n.) 可獲得性、可用性,Accessible (adj.) 可接近的、可得到的（常搭配 to） | Accessibility (n.) 可及性、便利性,易混淆單字 | Assess (v.) 評估、評定（拼法極像，音標與意思完全不同！） | Excess (n./adj.) 過量、過剩的,Everyone should have equal access to high-quality higher education.,,
C10,Stepwells,Utilitarian,adj.,實用的、功利主義的,形容設計或發明完全是以「實用、功能性」為唯一導向，而不考慮美觀、舒適或裝飾（原文指階梯井的意義超越了實用價值 beyond its utilitarian application）。,Pragmatic (adj. 寫作高階字) 務實的、實事求是的 | Functional (adj.) 功能性的、實用的 | Practical (adj.) 實用的,Utilitarianism (n.) 功利主義 | Utility (n.) 實用、效用 / 公共事業（如水電）,,"The building has a strictly utilitarian design, focusing on safety rather than beauty.",,
C10,Stepwells,Recedes,v. 第三人稱單數,後退、退去、變模糊（原形：revert / recede）,指水、潮水、頭髮或記憶「逐漸往後退、遠離或減少」（原文指雨季過後，地下水源水位逐漸下降後退 as it recedes following the rains）。,Withdraws (v. 還記得嗎？) 撤回、退後 | Retreats (v.) 後退、撤退 | Diminishes (v.) 減少、減弱,Recession (n. 經濟大字) 經濟衰退（原本繁榮的經濟往後退）,雅思高頻字字首大混淆（都是 re- 開頭的動詞） | Recede (v.) 後退、變弱 | Revert (v. 還記得嗎？) 回復、恢復（常接 to） | Reduce (v.) 減少、降低,"As the floodwaters recede, the true scale of the disaster becomes clear.",,
C10,Stepwells,Elaborate,adj.,精心製作的、複雜精美的 / (v.) 詳盡闡述,當形容詞時（發音 /iˈlæb.ɚ.ət/），形容計畫、設計、工藝非常「複雜、細緻且充滿精心雕琢的細節」（原文形容某些階梯井設計更為複雜精美 Others are more elaborate）。當動詞時，常接 on 指詳細說明。,Intricate (adj. 原文也用了這個字喔！) 錯綜複雜的、精細的 | Sophisticated (adj. 還記得嗎？) 複雜精密的 | Detailed (adj.) 詳盡的,Elaborately (adv.) 精心、精細地 | Elaboration (n.) 精心策劃、詳盡闡述,,The ancient dancers wore elaborate costumes decorated with pearls and gold.,,
C10,Stepwells,Derelict,adj.,荒廢的、被拋棄的、破舊的,專指建築物、土地或船隻因為長期沒有人使用、照顧，而變得「破爛、荒廢且處於極差狀態」（原文形容許多階梯井已乾涸荒廢 many are derelict and dry）。,Abandoned (adj.) 被拋棄的、荒廢的 | Dilapidated (adj. 高級字) 破舊的、倒塌的 | Neglected (adj.) 受到忽視的、缺乏照顧的,Dereliction (n.) 玩忽職守、荒廢,,"The old factory has been derelict for years, and its windows are all broken.",,
C10,Stepwells,Pristine,adj.,原始的、嶄新的、一塵不染的,形容某物（如自然環境、古蹟）保持在最原始、最純潔、完全沒有受到破壞或污染的完美狀態（原文形容經過修復後，女王階梯井現處於 pristine condition 完好如初的狀態）。,Immaculate (adj. 高級字) 潔淨的、無瑕的 | Flawless (adj.) 完美無瑕的 | Untouched (adj.) 未受破壞的、原始的,,,The island is famous for its pristine sand beaches and crystal clear water.,,
C10,Stepwells,Ingenuity,n.,心靈手巧、獨創性、聰明才智,指發明、設計新事物或解決棘手問題時，所展現出的「聰明才智與原創巧思」（原文讚嘆古代文明的智慧 remind us of the ingenuity and artistry）。,Inventiveness (n.) 發明才能、獨創性 | Creativity (n.) 創造力 | Intelligence (n.) 智慧、才智,Ingenious (adj. 記得嗎？) 聰明的、精妙的（形容計畫或發明）,世紀超級易混淆字（長得很像，字義十萬八千里！） | Ingenuity (n.) 聰明才智、獨創性（來自 ingenious） | Indigenous (adj. 還記得嗎？) 土著的、土生土長的,The ancient irrigation system demonstrates the incredible ingenuity of the villagers. A bygone era (n. phr.)：一個過去的時代、逝去的歲月。 例句：These monuments serve as a reminder of a bygone era.（這些歷史遺跡讓人聯想起那段逝去的歲月。） Water table (n. phr.)：地下水位 雅思點：環境科學、地理類文章（如探討農業、地下水枯竭）的必考術語。 Dry spells (n. phr.)：乾旱期、連日不雨 解析：Spell 在這裡當名詞，指「一段持續的短暫時間」。 Silted up (phr. v.)：被泥沙淤積、堵塞 例句：The harbor became silted up following the heavy flood.（大水過後，港口被泥沙完全淤積了。） Survive an earthquake (v. phr.)：在地震中倖存（survive 後面直接接災難名詞，不加 in）。,,
C10,Stepwells,Document,v.,紀錄、記載 / (n.) 文件,【雅思多義字考點！】 當名詞是文件。但在本文中是動詞，指透過拍攝、寫作、錄音等方式「詳細記錄、記載」歷史事實或科學現象。,Record (v.) 記錄、記載 | Archive (v. 高級字) 存檔、把……收集歸檔 | Register (v.) 登記、註冊,Documentation (n.) 紀錄影片、文獻資料 | Documentary (n.) 紀錄片,,The team travelled to remote villages to document the vanishing languages.,,
C10,Stepwells,Monument,n.,歷史遺跡、紀念碑,指為了紀念重要人物、歷史事件，或是具有極高歷史文化價值的古老「建築物、遺跡」。,Historical site (n. phr.) 歷史古蹟 | Landmark (n.) 地標、里程碑 | Heritage (n. 通常指文化遺產) 遺產,Monumental (adj.) 巨大的、具紀念意義的（寫作高級形容詞，如 a monumental achievement 偉大的成就）,,The government allocated a large grant to preserve ancient monuments.,,
C10,Stepwells,Irrigation,n.,灌溉,農業與環境科學核心字。指透過人工修築水渠、管道，引水澆灌農田、作物的工程技術。,Watering (n.) 澆水 | Aqueduct (n.) 引水渠、渡槽,Irrigate (v.) 灌溉,,The newly constructed stepwell provided reliable water for crops irrigation.,,
C10,Stepwells,Heyday,n.,全盛時期、鼎盛時期,指某個人、國家、政權或某種建築技術「最繁榮、成功、最具影響力」的黃金時代（原文指 During their heyday，階梯井是村民聚集的中心）。,Golden age (n. phr.) 黃金時代 | Peak / Prime (n.) 巔峰、全盛期,,,"During its heyday in the 1970s, the City Pop genre dominated the music industry.",,
C10,Stepwells,Comprise,v.,包含、由……組成,學術寫作（Task 1 描述圖表組成成分、Task 2 論證）的頂級必備動詞。指某個整體「由哪些部分所構成」。,Consist of (phr. v. ⚠️注意：這個片語絕無被動) 由……組成 | Be composed of (phr.) 由……組成 | Constitute / Make up (v.) 構成、組成,,考場常見文法錯誤 | comprise 本身就是主動動詞，後面直接加名詞（例：The club comprises ten members.）。 | 考生常把它跟 be composed of 混淆而寫成 be comprised of，雖然現代美式英語接受，但在嚴謹的雅思學術寫作中建議使用主動形態。,The training program comprises both theoretical lessons and practical workouts.,,
C10,Stepwells,Relentless,adj.,持續嚴厲的、不放棄的、無情的,形容某種不好的狀況（如酷熱的天氣、嚴格的批評、無休止的壓力）「極其猛烈、持續不斷且毫無減弱跡象」（原文形容階梯井的涼亭能幫旅客阻擋 relentless heat 狂暴的酷熱）。,Unremitting (adj. 高級字) 不停的、無休止的 | Incessant (adj.) 連續不斷的、沒完沒了的 | Harsh (adj. 還記得嗎？) 嚴酷的、惡劣的,Relentlessly (adv.) 無情地、持續不斷地,,The sales team faced relentless pressure to meet their monthly targets.,,
C10,Stepwells,Intricate,adj.,錯綜複雜的、精細的,形容設計、圖案、系統或問題包含許多精細、交織的細節，非常「精美且複雜」。,Elaborate (adj. 本文孿生字) 精心製作的、複雜精美的 | Sophisticated (adj.) 複雜精密的 | Complex (adj.) 複雜的,Intricately (adv.) 錯綜複雜地、精細地 | Intricacy (n.) 錯綜複雜的細節,,The ancient monument is famous for its intricate stone carvings.,,
C10,Stepwells,Embellish,v.,裝飾、美化 / 渲染（故事）,指藉由加上裝飾品、雕刻或細節，使建築物、物品的外觀變得更美麗、華麗（原文指 sculptures that embellish many stepwells）。在口說中也可指「添油加醋地渲染情節」。,Decorate (v.) 裝飾、布置 | Adorn (v. 高級字) 裝飾、使生色 | Beautify (v.) 美化,Embellishment (n.) 裝飾物、潤色,,The medieval castle walls were embellished with grand tapestries.,,
C10,Stepwells,Diverted,v. 過去式,使轉向、轉移、分流（原形：divert）,指強行改變河流、交通路線、資金、注意力或資源的「前進方向」（原文指地下水被 diverted for industrial use 分流工業使用，導致階梯井乾涸）。,Redirected (v.) 重新定向、轉移 | Channelled (v.) 引導、開導（水或資金） | Distracted (v. 特指注意力被轉移) 使分心,Diversion (n.) 轉向、消遣娛樂,易混淆單字 | Divorced (adj.) 離婚的,The budget was diverted from infrastructure to educational facilities.,,
C10,Stepwells,Restoration,n.,修復、復原、恢復,(註：這個字前面出現過，但它在閱讀測驗古蹟類主題中是 100% 必考的黃金答案詞，再次幫你強化！),Renovation (建築翻新)、Rehabilitation (修復、康復),,,The architectural survey team is responsible for the restoration of historical monuments.,,
C10,Stepwells,Resembles,v. 第三人稱單數,看起來像、與……相似（原形：resemble）,形容外表、外觀、特徵上跟另一個人或物「極其相似」（原文指 Surya Kund 這座階梯井 resembles a tank 看起來更像一個蓄水池）。,Looks like (phr. v.) 看起來像 | Mirrors (v.) 反映、與……極相似 | Corresponds to (phr. v.) 與……相對應/相似,Resemblance (n.) 相似、相似之處（常見搭配：bear a striking resemblance to 與……有驚人的相似之處）,易混淆單字 | Assemble (v.) 集合、組裝,The new digital HR platform closely resembles our old social media interface.,,
C10,Stepwells,Hallmarks,n. pl.,特點、標誌、特徵（原形：hallmark）,原本指金銀器皿上的純度印記。引申為某種建築風格、優秀品質或某人作品中最具代表性、最顯著的「品質標誌或特徵」。,Trademarks (n. pl.) 商標、特徵 | Characteristics / Features (n. pl. 還記得嗎？) 特徵 / 特色 | Signatures (n. pl.) 簽名、鮮明特色,,,Attention to historical detail is one of the hallmarks of this architect's work.,,
C10,Stepwells,Striking,adj.,驚人的、顯著的、引人注目的,形容外觀非常漂亮、奇特，或是兩者之間的差異極大，以至於讓人「一眼看到就留下深刻印象」。,Remarkable (adj.) 非凡的、顯著的 | Stunning (adj. 本文也用了這個字！) 極漂亮的、令人震驚的 | Conspicuous (adj. 高級字) 顯眼的、引人注目的,Strike (v./n.) 罷工、打擊 | Strikingly (adv.) 顯著地、驚人地,,The contrast between the medieval castle and modern skyscrapers is very striking.,,
C10,Stepwells,Neglect,n./v.,疏忽、忽略、疏於照顧,指因為不小心、不負責任或故意放任，而「沒有給予應有的照顧、關注或維護」（原文指 following years of neglect，許多階梯井終於被救了回來）。,Abandonment (n.) 拋棄、放任 | Overlook (v. 還記得嗎？這是動詞形式的漏看) 忽略 | Disregard (n./v.) 漠視、不理會,Negligent (adj.) 疏忽的、玩忽職守的,,The historical building fell into disrepair due to decades of municipal neglect.,,
C10,Stepwells,Civilisations / Civilizations,n. pl.,文明、文明世界（原形：civilisation,指人類社會發展到較高階段，在文化、科技、政治和藝術上取得高度成就的社會形態（如古代印度文明）。,Societies (n. pl.) 社會 | Cultures (n. pl.) 文化,Civilize (v.) 使文明、開化 | Civil (adj.) 公民的、民事的,,Water resource management was fundamental to the survival of ancient civilisations.,,
C10,Stepwells,Spectacular,adj.,壯觀的、雄偉的、令人驚嘆的,形容景象、表演或建築非常壯麗、宏偉，給人帶來極大的視覺震撼（原文指 document these spectacular monuments 記錄這些壯觀的古蹟）。,Breathtaking (adj.) 激動人心的、美到令人窒息的 | Magnificent (adj. 還記得嗎？) 宏偉的、壯麗的 | Grand (adj.) 宏大的、堂皇的,Spectacle (n.) 奇觀、壯觀場面 / Spectacles (n. pl.) 眼鏡 | Spectacularly (adv.) 壯觀地、驚人地,,The sunrise over the ancient temple was absolutely spectacular.,,
C10,Stepwells,Geometrical / Geometric,adj.,幾何圖形的、幾何學的,形容形狀、線條、圖案由圓形、方形、三角形等規則的幾何圖形構成，非常有規律與對稱美（原文形容階梯井的樓梯呈現 stunning geometrical formation 迷人的幾何構造）。,,Geometry (n.) 幾何學 | Geometrically (adv.) 幾何學上地、成幾何級數地,,The modern art gallery features a unique geometrical design with clean lines.,,
C10,Stepwells,Formation,n.,構造、形成、排列、隊形,指某物經過自然演變或刻意排列後，所呈現出的特定「結構、外形」；在地理學上指岩層或地形。,Structure (n.) 結構、建築物 | Arrangement (n. 還記得嗎？) 排列、安排 | Configuration (n. 高級學術字) 結構、配置,Form (v.) 形成 / (n.) 表格、外形,,The tourists marveled at the spectacular rock formations along the coastline.,,
C10,Stepwells,Terraces,n. pl.,平台、梯田、露臺（原形：terrace）,指在一整片斜坡上，刻意修築出的一層層平坦的「階梯式平台、平地」（原文指階梯井側邊一層層的露臺 The terraces house 108 small... shrines）。,Platforms (n. pl.) 平台 | Tiers (n. pl. 原文也用了這個字喔！) 層、階層,,,The hotel rooms featured open terraces overlooking the oceanfront.,,
C10,Stepwells,Pattern,n.,圖案、模式、規律,指由線條、顏色或形狀重複出現所構成的「裝飾圖案」；在學術中指事情發展的「固定模式、規律」。,Design / Motif (n.) 設計 / （裝飾的）主題圖案 | Trend / Model (n.) 趨勢 / 模型、模式,,,The zigzagging steps of the stepwell create a striking pattern from afar.,,
C10,Stepwells,Worship,n./v.,崇拜、敬神、祈禱、禮拜,指對神明表達極大的敬意與崇拜，進行宗教儀式；或是盲目崇拜某人（原文指階梯井是 villagers 進行 worship 祭祀神明的地方）。,Reverence (n./v. 高級字) 尊敬、崇敬 | Veneration (n. 還記得嗎？) 尊敬、崇拜 | Adoration (n.) 狂熱的愛慕、崇拜,,,Ancient civilisations built magnificent temples for the worship of the sun god.,,
C10,Stepwells,Shrines,n. pl.,神龕、聖地、小神廟（原形：shrine）,"指供奉神像、聖物或紀念神聖人物的「小型神龕、祭壇、聖地」（原文指階梯之間建有 108 small, intricately carved shrines 108座雕刻精美的小神龕）。",Altars (n. pl.) 祭壇 | Sanctuaries (n. pl. 雅思環境/宗教大字) 避難所 / 聖殿、神聖場所 | Temples (n. pl.) 寺廟,,,Local residents regularly place fresh flowers at the street shrines.,,
C10,Stepwells,Inhabitants,n. pl.,居民、棲息者（原形：inhabitant）,【雅思聽力、閱讀超級核心大字！】 專指長期居住在某個國家、城市、地區的人或動物（原文指 the inhabitants of the modern-day states 當地居民）。,Residents / Dwellers (n. pl.) 居民（如 urban dwellers 都市居民） | Citizens (n. pl.) 市民、公民 | Occupants (n. pl.) 居住者、佔用者,Inhabit (v. 還記得嗎？) 居住於、棲息於 | Habitat (n. 靈熊主題核心字！) 棲息地,,The inhabitants of the island relied heavily on fishing for their livelihoods.,,
C10,Stepwells,Descend,v. 常搭配 to / from,下降、下來、走下去,指沿著樓梯、斜坡、道路「由高處往低處移動」的學術大字。相反詞為 Ascend（上升、走上去）。,Go down / Decline (v.) 下去 / 下降 | Plunge (v. 常用於數據暴跌) 驟降、猛跌,Descendant (n. ⚠️注意拼字！常考）後代、子孫（從祖先一代代傳下來的人） | Descent (n.) 下降、血統,易混淆單字 | Defend (v.) 防禦、辯護,Visitors must descend 170 stone steps to reach the deepest water source.,,
C10,Stepwells,Sheltered,adj./v. 過去式,受保護的、提供遮蔽的（原形：shelter）,指受到建築、硬體結構或外力遮擋，免受狂風、暴雨、酷熱或危險侵襲的狀態。,Shielded (adj.) 受到保護的、被遮擋的 | Protected (adj.) 受到保護的 | Shaded (adj. 特指被遮陽的) 蔽蔭的,Shelter (n./v.) 避難所、遮蔽 / 提供遮蔽,,The old pavilion provided a sheltered area for travellers during the rainstorm.,,
C10,Stepwells,Elaborate,adj.,精心製作的、複雜精美的 / (v.) 詳盡闡述,當形容詞時（發音 /iˈlæb.ɚ.ət/）：形容計畫、設計、工藝、衣服或系統包含了大量精心雕琢的細節，非常「複雜、細緻且耗費心血」。 當動詞時（發音 /iˈlæb.ə.reɪt/）：常用於學術或口說，後面常接 on，意為「進一步詳細說明、闡述、補充細節」。,Intricate (adj.) 錯綜複雜的、精細的 | Detailed (adj.) 詳盡的 | Expand on (phr. v. 對應動詞詞性) 闡述、擴充（觀點）,Elaborately (adv.) 精心、精細地 | Elaboration (n.) 精心策劃、詳盡闡述,易混淆單字 | Collaborate (v.) 合作、協作（字首多了 col-） | Evaporate (v.) 蒸發、消失,形容詞用法：The ancient passage of the stepwell features an elaborate architectural design. 動詞用法：Could you please elaborate on your research methodology?,,
C10,Stepwells,Stunning,adj.,極漂亮的、令人震驚的、絕美的,原本的動詞 stun 是指「把人打暈、使人震驚」。轉為形容詞後，形容某個景觀、外貌、服飾或成就「漂亮或傑出到讓人目瞪口呆、瞬間失去思考能力」，比一般的 beautiful 強烈很多。,Spectacular (adj.) 壯觀的、雄偉的（特別形容宏偉的景觀或古蹟） | Striking (adj.) 驚人的、引人注目的（因為對比強烈或新奇而吸引人） | Breathtaking (adj.) 美到令人窒息的 | Astonishing (adj.) 令人震驚的、驚人的,Stun (v.) 使震驚、使目瞪口呆 | Stunningly (adv.) 絕美地、令人震驚地,,The sets of steps descend to the bottom in a stunning geometrical formation.,,
C10,Stepwells,Intricately,adv.,錯綜複雜地、精細地,形容做事、雕刻、編織或運作時，將無數細小的零件、線條或情節「交織、組合得極其細密且複雜」。在雅思中，它是用來形容「手工藝、石雕（carved）、構造」最頂級的副詞。,Elaborately (adv.) 精心製作地、精細地 | Complexly (adv.) 複雜地 | Meticulously (adv.) 一絲不苟地、極其細緻地,Intricate (adj.) 錯綜複雜的、精細的 | Intricacy (n.) 錯綜複雜的細節、複雜性,,"The stone terraces house 108 small, intricately carved shrines.",,
C10,Stepwells,Ingenuity,n.,聰明才智、獨創性、原創巧思,指在發明、設計新事物或解決棘手問題時，所展現出的「聰明才智、原創巧思與心靈手巧」。這個字在雅思閱讀中，常用來讚嘆古代文明的工程智慧或科學家的創新能力。,Inventiveness (n.) 發明才能、獨創性 | Creativity (n.) 創造力 | Resourcefulness (n.) 足智多謀、善於隨機應變的能力,Ingenious (adj. ⚠️注意：它的形容詞字尾是 -ious，長得很像 genius 天才，意思也是形容計畫或發明很精妙）,考場魔鬼易混淆字（拼法極像，意思完全無關！） | Ingenuity (n.) 聰明才智、獨創性（來自 ingenious） | Indigenous (adj.) 土著的、土生土長的（例：indigenous culture 原住民文化） | Ingenuous (adj. 高級字) 純樸的、天真的、缺乏世故的,These architectural marvels serve as a reminder of the ingenuity of ancient civilisations.,,
